Card RFID/MAC Address;Driver;Targa;Nome della Sede / Sede secondaria;Tipologia di Presa;Identificativo della Sessione;Durata della sessione;Serial number e nome della Stazione di Ricarica;Fine sessione;Inizio sessione;Energia erogata
85048280;GF923SW;GF923SW;Gls Cosenza;TYPE2_C;e307f75b-b010-40a9-90f6-8d3ece957a46;2h 5m 18s;20XP22T3KK4AL01214 - Juice Pole 2 Prese;31/01/2026 11:33:36;31/01/2026 09:28:18;14,356
83601661;GR637XD;GR637XD;Gls Cosenza;TYPE2_C;e4d78d37-525e-4ae4-908c-4d7b7a16cc5f;0h 0m 8s;21XK11T2J03BF01377 - Juice Box 6;31/01/2026 07:20:52;31/01/2026 07:20:44;0
83604192;GR628XD;GR628XD;Gls Cosenza;TYPE2_C;d7e246f9-9eea-4af8-b08f-e923c18e803c;60h 1m 54s;21XK11T2J03BF01381 - Juice Box 10;02/02/2026 06:10:52;30/01/2026 18:08:57;38,432
83604189;GM709PN;GM709PN;Gls Cosenza;TYPE2_C;99039d29-0c93-4c69-86a5-e06b7524b77c;60h 47m 30s;21XK11T2J03BF00817 - Juice Box 9;02/02/2026 06:34:16;30/01/2026 17:46:45;41,852
83604191;GS820JN;GS820JN;Gls Cosenza;TYPE2_C;52cdddc7-0df7-4635-bfb9-117b64ba2e14;62h 34m 25s;21XK11T2J03BF01379 - Juice Box 8;02/02/2026 07:25:26;30/01/2026 16:51:00;46,276
83511001;GM099FB;GM099FB;Gls Cosenza;TYPE2_C;e61ad7e5-af2a-4c00-a389-a7dbbae7fd6a;61h 27m 20s;21XK11T2J03BF00818 - Juice Box 2;02/02/2026 06:15:18;30/01/2026 16:47:57;41,816
83510720;GM100FB;GM100FB;Gls Cosenza;TYPE2_C;02ac11dc-65fb-45f0-bad3-38cf87e1401a;62h 41m 26s;21XK11T2J03BF00819 - Juice Box 7;02/02/2026 07:25:37;30/01/2026 16:44:10;42,726
83601661;GR637XD;GR637XD;Gls Cosenza;TYPE2_C;f841e543-c3b6-40d5-918a-aeebc10cc8d0;15h 5m 49s;21XK11T2J03BF01377 - Juice Box 6;31/01/2026 07:22:20;30/01/2026 16:16:31;17,288
83662927;GS824JN;GS824JN;Gls Cosenza;TYPE2_C;233a3fd6-3359-42d4-8cee-5d8a635eadfc;62h 18m 24s;21XK11T2J03BF00797 - Juice Box 4;02/02/2026 06:17:33;30/01/2026 15:59:08;54,902
83601537;GM098FB;GM098FB;Gls Cosenza;TYPE2_C;2195207e-8b9c-4ee2-99ef-9e3bc05b2393;63h 2m 44s;21XK11T2J03BF01380 - Juice Box 5;02/02/2026 06:47:44;30/01/2026 15:45:00;20,478
85073115;GS691VF2;GS691VF2;Gls Cosenza;TYPE2_C;f936d6df-f0d9-4f6f-bf36-0ac72b91cf63;62h 5m 40s;21XK11T2J03BF01376 - Juice Box 3;02/02/2026 05:41:06;30/01/2026 15:35:25;22,544
83604193;GS610JM;GS610JM;Gls Cosenza;TYPE2_C;fa58af45-ec39-4119-b619-e4d5292642ed;3h 57m 20s;20XP22T3KK4AL01214 - Juice Pole 2 Prese;30/01/2026 18:53:46;30/01/2026 14:56:26;8,958
83601537;GM098FB;GM098FB;Gls Cosenza;TYPE2_C;25565b72-192d-4cae-99da-919af5e67f76;63h 46m 40s;21XK11T2J03BF00793 - Juice Box 1;02/02/2026 05:44:07;30/01/2026 13:57:26;25,015
85073096;HA748ME;HA748ME;Gls Cosenza;TYPE2_C;6f4a4121-764d-474e-9b3a-e4964396ed21;6h 46m 52s;20XP22T3KK4AL01214 - Juice Pole 2 Prese;30/01/2026 19:55:44;30/01/2026 13:08:51;19,578
83662927;GS824JN;GS824JN;Gls Cosenza;TYPE2_C;9b598793-11c4-4271-b406-0b353e16e023;0h 0m 4s;21XK11T2J03BF00797 - Juice Box 4;30/01/2026 06:34:15;30/01/2026 06:34:11;0
85048280;GF923SW;GF923SW;Gls Cosenza;TYPE2_C;ca0c22b6-7ac7-4f47-84ab-c29190002772;3h 13m 28s;20XP22T3KK4AL01214 - Juice Pole 2 Prese;30/01/2026 09:26:51;30/01/2026 06:13:23;22,142
83604192;GR628XD;GR628XD;Gls Cosenza;TYPE2_C;5a9f678f-9f4b-4d48-ae97-355c26945634;12h 14m 14s;21XK11T2J03BF01381 - Juice Box 10;30/01/2026 07:13:50;29/01/2026 18:59:35;41,472
83601684;GS874LZ;GS874LZ;Gls Cosenza;TYPE2_C;037d9366-beda-447e-9d19-befd9e9da37a;13h 42m 34s;23XK11M2J03BF00236 - Juice Box Dario;30/01/2026 08:33:32;29/01/2026 18:50:57;37,427
83604189;GM709PN;GM709PN;Gls Cosenza;TYPE2_C;84b83579-209f-4aee-85ff-30a55f232bea;12h 47m 29s;21XK11T2J03BF00817 - Juice Box 9;30/01/2026 06:34:34;29/01/2026 17:47:05;48,636
85073115;GS691VF2;GS691VF2;Gls Cosenza;TYPE2_C;ec2ef55c-3a1b-4634-a416-6ee236896ffa;12h 38m 4s;21XK11T2J03BF00818 - Juice Box 2;30/01/2026 05:33:52;29/01/2026 16:55:47;24,874
83604191;GS820JN;GS820JN;Gls Cosenza;TYPE2_C;0dd77d1c-8f30-4582-8087-ff68eee04c90;14h 23m 4s;21XK11T2J03BF01379 - Juice Box 8;30/01/2026 07:16:31;29/01/2026 16:53:26;41,728
83510720;GM100FB;GM100FB;Gls Cosenza;TYPE2_C;c1c61b0d-6c90-4883-940e-ed9226a5cd46;14h 31m 23s;21XK11T2J03BF01380 - Juice Box 5;30/01/2026 07:24:19;29/01/2026 16:52:56;57,632
83601661;GR637XD;GR637XD;Gls Cosenza;TYPE2_C;e59a3a3c-8821-496b-a3dd-c94c7d2108a4;12h 56m 30s;21XK11T2J03BF01377 - Juice Box 6;30/01/2026 05:36:44;29/01/2026 16:40:13;15,376
83511001;GM099FB;GM099FB;Gls Cosenza;TYPE2_C;6492fb6a-0c2a-450e-8fc5-4f16dea2b590;13h 38m 35s;21XK11T2J03BF01376 - Juice Box 3;30/01/2026 05:59:07;29/01/2026 16:20:31;51,074
83601537;GM098FB;GM098FB;Gls Cosenza;TYPE2_C;61e11575-5d8b-496f-ba07-287d158e0b04;14h 33m 32s;21XK11T2J03BF00819 - Juice Box 7;30/01/2026 06:47:13;29/01/2026 16:13:40;36,332
83662927;GS824JN;GS824JN;Gls Cosenza;TYPE2_C;9e883a64-2872-4e34-affa-eb8928a85ba9;14h 30m 53s;21XK11T2J03BF00797 - Juice Box 4;30/01/2026 06:34:16;29/01/2026 16:03:22;63,2
83604193;GS610JM;GS610JM;Gls Cosenza;TYPE2_C;d4ae2299-62d7-45bc-83a8-66a2738b068f;4h 4m 50s;20XP22T3KK4AL01214 - Juice Pole 2 Prese;29/01/2026 18:58:48;29/01/2026 14:53:58;26,952
83601537;GM098FB;GM098FB;Gls Cosenza;TYPE2_C;87f22e89-c6cf-4021-8e15-df1403fb231b;14h 50m 12s;21XK11T2J03BF00793 - Juice Box 1;30/01/2026 05:33:23;29/01/2026 14:43:11;36,181
83601659;GS690EP;GS690EP;Gls Cosenza;TYPE2_C;f35cb7a0-18a3-49fb-8fb8-1461a372cf70;4h 37m 24s;21XK11T2J03BF00819 - Juice Box 7;29/01/2026 13:14:23;29/01/2026 08:36:58;49,97
83662927;GS824JN;GS824JN;Gls Cosenza;TYPE2_C;642ba7aa-6078-402c-8020-da2b410e3e85;0h 0m 9s;21XK11T2J03BF01376 - Juice Box 3;29/01/2026 06:25:47;29/01/2026 06:25:38;0
83601684;GS874LZ;GS874LZ;Gls Cosenza;TYPE2_C;1f17a13b-ed02-4eb9-92a4-0e9f0ea6c875;9h 14m 33s;23XK11M2J03BF00236 - Juice Box Dario;29/01/2026 08:21:14;28/01/2026 23:06:41;28,285
83604189;GM709PN;GM709PN;Gls Cosenza;TYPE2_C;1798ca78-b486-49f9-8761-405ee5946ffa;12h 49m 12s;21XK11T2J03BF01381 - Juice Box 10;29/01/2026 06:27:42;28/01/2026 17:38:29;44,006
83604192;GR628XD;GR628XD;Gls Cosenza;TYPE2_C;d60bb5f1-7be6-4ac9-9218-98aaada6c39e;14h 5m 36s;21XK11T2J03BF00797 - Juice Box 4;29/01/2026 07:26:57;28/01/2026 17:21:20;45,606
83604192;GR628XD;GR628XD;Gls Cosenza;TYPE2_C;77d40930-e562-4306-bf16-24300f9d051f;14h 7m 17s;21XK11T2J03BF00797 - Juice Box 4;29/01/2026 07:26:37;28/01/2026 17:19:20;0
83604191;GS820JN;GS820JN;Gls Cosenza;TYPE2_C;fa92135d-71b3-484e-bef7-7cdedb6496b6;14h 17m 34s;21XK11T2J03BF00819 - Juice Box 7;29/01/2026 07:33:45;28/01/2026 17:16:11;51,458
85073115;GS691VF2;GS691VF2;Gls Cosenza;TYPE2_C;bc2e9265-b789-4d55-a35c-e868fa9bbe0a;12h 19m 35s;20XP22T3KK4AL01214 - Juice Pole 2 Prese;29/01/2026 05:33:50;28/01/2026 17:14:14;23,018
83601661;GR637XD;GR637XD;Gls Cosenza;TYPE2_C;d71f932d-4354-4cd0-8e7b-c8c3ffcd861b;13h 25m 48s;21XK11T2J03BF01379 - Juice Box 8;29/01/2026 06:01:19;28/01/2026 16:35:30;14,05
83510720;GM100FB;GM100FB;Gls Cosenza;TYPE2_C;b0288f21-0e9d-4dd9-820f-991463c7660f;14h 53m 38s;21XK11T2J03BF01377 - Juice Box 6;29/01/2026 07:24:56;28/01/2026 16:31:17;50,84
83511001;GM099FB;GM099FB;Gls Cosenza;TYPE2_C;6901d2ac-7053-4194-ae2c-5b796bef92a5;13h 35m 8s;21XK11T2J03BF00818 - Juice Box 2;29/01/2026 06:01:44;28/01/2026 16:26:35;44,936
83662927;GS824JN;GS824JN;Gls Cosenza;TYPE2_C;cb54fee9-93e6-4893-ba2e-95c22638fc77;14h 8m 28s;21XK11T2J03BF01376 - Juice Box 3;29/01/2026 06:25:55;28/01/2026 16:17:26;47,616
83662927;GS824JN;GS824JN;Gls Cosenza;TYPE2_C;1a9d58ea-da4a-4df7-af44-dbcb7cb02f85;0h 0m 36s;21XK11T2J03BF00797 - Juice Box 4;28/01/2026 16:17:19;28/01/2026 16:16:44;0
83662927;GS824JN;GS824JN;Gls Cosenza;TYPE2_C;abbb0b4a-fb29-484d-a9a1-ffb2a06bac4b;0h 0m 35s;21XK11T2J03BF00797 - Juice Box 4;28/01/2026 16:16:33;28/01/2026 16:16:00;0
83662927;GS824JN;GS824JN;Gls Cosenza;TYPE2_C;9f0dc8bc-ecd0-4d31-be97-a87347cad073;14h 37m 59s;21XK11T2J03BF01380 - Juice Box 5;29/01/2026 06:53:19;28/01/2026 16:15:20;39,152
83601537;GM098FB;GM098FB;Gls Cosenza;TYPE2_C;34829910-79d8-4bcf-8c0c-5a30d8415e53;13h 53m 34s;21XK11T2J03BF00793 - Juice Box 1;29/01/2026 05:29:57;28/01/2026 15:36:23;26,086
83604192;GR628XD;GR628XD;Gls Cosenza;TYPE2_C;3edef82c-d751-4b13-b1e6-f7f3c2bbc3ed;0h 0m 7s;21XK11T2J03BF00793 - Juice Box 1;28/01/2026 07:18:29;28/01/2026 07:18:22;0
85048280;GF923SW;GF923SW;Gls Cosenza;TYPE2_C;ef37e189-055b-4f5e-ab7d-f3b11049fd02;3h 24m 49s;20XP22T3KK4AL01214 - Juice Pole 2 Prese;28/01/2026 09:41:22;28/01/2026 06:16:32;18,966
83601684;GS874LZ;GS874LZ;Gls Cosenza;TYPE2_C;d1520979-9db1-4358-91f0-9f69051148b1;13h 20m 10s;23XK11M2J03BF00236 - Juice Box Dario;28/01/2026 08:42:34;27/01/2026 19:22:23;40,279
83604192;GR628XD;GR628XD;Gls Cosenza;TYPE2_C;ea2733e5-d99a-4342-8ef8-0ce8da8d0956;0h 0m 4s;21XK11T2J03BF00793 - Juice Box 1;27/01/2026 19:16:33;27/01/2026 19:16:28;0
83604192;GR628XD;GR628XD;Gls Cosenza;TYPE2_C;6c9c254e-567d-4538-9be2-906c598bb20d;0h 0m 4s;21XK11T2J03BF00793 - Juice Box 1;27/01/2026 19:15:55;27/01/2026 19:15:51;0
83604192;GR628XD;GR628XD;Gls Cosenza;TYPE2_C;30cdc600-882f-44d5-8005-1ec054a44bac;0h 2m 11s;21XK11T2J03BF00793 - Juice Box 1;27/01/2026 19:16:36;27/01/2026 19:14:24;0
83604189;GM709PN;GM709PN;Gls Cosenza;TYPE2_C;f2779e00-fa87-46fa-bb05-a6b23397abf3;12h 43m 52s;21XK11T2J03BF01381 - Juice Box 10;28/01/2026 06:30:36;27/01/2026 17:46:43;41,208
85048280;GF923SW;GF923SW;Gls Cosenza;TYPE2_C;b7622a8b-9bce-429d-89e3-edba3537c58c;2h 7m 10s;21XK11T2J03BF00818 - Juice Box 2;27/01/2026 19:20:06;27/01/2026 17:12:56;4,802
83510720;GM100FB;GM100FB;Gls Cosenza;TYPE2_C;b36bdff4-04d8-4c04-9ea3-d73e256ddd3d;14h 44m 8s;21XK11T2J03BF01379 - Juice Box 8;28/01/2026 07:23:05;27/01/2026 16:38:56;47,764
83601661;GR637XD;GR637XD;Gls Cosenza;TYPE2_C;f4a39a1e-bb7e-47a8-bfd1-8b24e73e08c3;13h 26m 56s;21XK11T2J03BF00819 - Juice Box 7;28/01/2026 06:04:13;27/01/2026 16:37:16;43,3
83511001;GM099FB;GM099FB;Gls Cosenza;TYPE2_C;3e34fa94-801d-4747-b968-99eec1fd52e2;13h 40m 35s;21XK11T2J03BF01376 - Juice Box 3;28/01/2026 06:03:02;27/01/2026 16:22:27;40,484
83604191;GS820JN;GS820JN;Gls Cosenza;TYPE2_C;f651bf51-b97b-4160-9f42-9bbf6dbca587;14h 37m 59s;21XK11T2J03BF01380 - Juice Box 5;28/01/2026 06:47:49;27/01/2026 16:09:50;33,064
83604191;GS820JN;GS820JN;Gls Cosenza;TYPE2_C;25451745-66ed-460b-80c5-7396c90501c0;15h 28m 32s;21XK11T2J03BF01377 - Juice Box 6;28/01/2026 07:30:16;27/01/2026 16:01:43;28,312
83662927;GS824JN;GS824JN;Gls Cosenza;TYPE2_C;a3d5099b-39a1-455b-8e27-45faf2afb77d;14h 29m 17s;21XK11T2J03BF00797 - Juice Box 4;28/01/2026 06:20:15;27/01/2026 15:50:58;55,408
85073115;GS691VF2;GS691VF2;Gls Cosenza;TYPE2_C;8e6d09c9-c102-4674-bff7-664eab5559a0;14h 31m 7s;21XK11T2J03BF00817 - Juice Box 9;28/01/2026 05:30:54;27/01/2026 14:59:47;21,066
83604193;GS610JM;GS610JM;Gls Cosenza;TYPE2_C;128ef95c-5cfc-44a1-8eb6-32f4a768d39a;4h 0m 56s;20XP22T3KK4AL01214 - Juice Pole 2 Prese;27/01/2026 18:59:07;27/01/2026 14:58:10;22,466
85073115;GS691VF2;GS691VF2;Gls Cosenza;TYPE2_C;a1c5f83c-ff3b-477a-a958-bd1ae92c90ce;0h 0m 38s;21XK11T2J03BF00818 - Juice Box 2;27/01/2026 14:58:10;27/01/2026 14:57:32;0
85073115;GS691VF2;GS691VF2;Gls Cosenza;TYPE2_C;edf2c300-cb7e-4811-bf4b-11fa5e23dc6b;0h 1m 35s;21XK11T2J03BF00818 - Juice Box 2;27/01/2026 14:57:26;27/01/2026 14:55:51;0
83601537;GM098FB;GM098FB;Gls Cosenza;TYPE2_C;921f175c-1322-4ca6-8166-8c37421e0705;6h 15m 48s;21XK11T2J03BF00793 - Juice Box 1;27/01/2026 19:13:27;27/01/2026 12:57:39;27,36
83604191;GS820JN;GS820JN;Gls Cosenza;TYPE2_C;4b73b3a2-0b8d-4467-ac5b-36ab836b5f4c;0h 0m 4s;21XK11T2J03BF01379 - Juice Box 8;27/01/2026 07:23:57;27/01/2026 07:23:52;0
85073115;GS691VF2;GS691VF2;Gruppo Chiappetta;CCS2;ecc90c4e-85e1-43c7-9218-1d3145597cd7;0h 32m 50s;22BZ3369A - OP-15599573 - Gruppo Chiappetta;27/01/2026 07:48:38;27/01/2026 07:15:48;18,314
83662927;GS824JN;GS824JN;Gls Cosenza;TYPE2_C;69dc7a51-640c-4ed0-942d-8c137e147b9a;0h 0m 4s;21XK11T2J03BF01376 - Juice Box 3;27/01/2026 06:09:18;27/01/2026 06:09:13;0
83604189;GM709PN;GM709PN;Gls Cosenza;TYPE2_C;c5baff17-8184-4a30-91ca-1e66867bd379;11h 34m 35s;21XK11T2J03BF00817 - Juice Box 9;27/01/2026 06:33:28;26/01/2026 18:58:53;38,38
83604192;GR628XD;GR628XD;Gls Cosenza;TYPE2_C;6830ecd8-e7a7-4bec-baee-066c78289bb0;13h 1m 18s;21XK11T2J03BF00819 - Juice Box 7;27/01/2026 06:21:09;26/01/2026 17:19:50;49,332
83604193;GS610JM;GS610JM;Gls Cosenza;TYPE2_C;565773c3-d982-4219-a4cf-d9d3c5781a1d;1h 50m 0s;20XP22T3KK4AL01214 - Juice Pole 2 Prese;26/01/2026 19:00:30;26/01/2026 17:10:30;19,832
83604191;GS820JN;GS820JN;Gls Cosenza;TYPE2_C;87488be0-a7c7-4894-a6dd-20b946b86d58;14h 29m 1s;21XK11T2J03BF01379 - Juice Box 8;27/01/2026 07:25:37;26/01/2026 16:56:36;34,942
83511001;GM099FB;GM099FB;Gls Cosenza;TYPE2_C;a6ace563-559d-4a88-a497-c98e6926c086;13h 25m 12s;21XK11T2J03BF00818 - Juice Box 2;27/01/2026 06:12:56;26/01/2026 16:47:43;46,094
83510720;GM100FB;GM100FB;Gls Cosenza;TYPE2_C;e00263a1-40dc-4f16-9a6d-6a99eaa04e8c;14h 44m 46s;21XK11T2J03BF01377 - Juice Box 6;27/01/2026 07:25:32;26/01/2026 16:40:45;54,992
85073115;GS691VF2;GS691VF2;Gls Cosenza;TYPE2_C;874d715b-9e9d-4c65-8dcd-f2dbfe6849a2;0h 1m 28s;21XK11T2J03BF00797 - Juice Box 4;26/01/2026 16:01:41;26/01/2026 16:00:13;0,086
-;-;-;Gls Cosenza;TYPE2_C;cd05ba3a-7b23-43b9-b9a5-49e805255c05;0h 0m 1s;21XK11T2J03BF00797 - Juice Box 4;26/01/2026 15:31:36;26/01/2026 15:31:35;
-;-;-;Gls Cosenza;TYPE2_C;ed701be8-7ed4-476c-ae3f-b74534af6162;86h 28m 32s;21XK11T2J03BF00797 - Juice Box 4;26/01/2026 15:31:34;26/01/2026 15:31:34;0
83662927;GS824JN;GS824JN;Gls Cosenza;TYPE2_C;33cea5cf-af08-45ac-8ddb-575213d6fefe;14h 37m 49s;21XK11T2J03BF01376 - Juice Box 3;27/01/2026 06:09:18;26/01/2026 15:31:28;53,916
83662927;GS824JN;GS824JN;Gls Cosenza;TYPE2_C;2f72a81a-f3b8-4373-8e5c-b08f1970565a;15h 20m 31s;21XK11T2J03BF01380 - Juice Box 5;27/01/2026 06:51:03;26/01/2026 15:30:32;31,756
83662927;GS824JN;GS824JN;Gls Cosenza;TYPE2_C;e3438597-48a4-48ac-bf4e-737cd6978356;0h 1m 49s;21XK11T2J03BF00797 - Juice Box 4;26/01/2026 15:31:33;26/01/2026 15:29:44;0
85073096;HA748ME;HA748ME;Gls Cosenza;TYPE2_C;c9162161-266d-4941-bd76-e4d42588845e;7h 36m 40s;20XP22T3KK4AL01214 - Juice Pole 2 Prese;26/01/2026 20:44:52;26/01/2026 13:08:12;21,3
83601537;GM098FB;GM098FB;Gls Cosenza;TYPE2_C;01c952f8-d418-449a-9fd9-4e08147f0078;16h 44m 36s;21XK11T2J03BF00793 - Juice Box 1;27/01/2026 05:43:15;26/01/2026 12:58:38;24,123
85048280;GF923SW;GF923SW;Gls Cosenza;TYPE2_C;dbb48114-d829-4907-af8d-2c9bf255d6b2;3h 36m 9s;20XP22T3KK4AL01214 - Juice Pole 2 Prese;26/01/2026 09:11:27;26/01/2026 05:35:17;12,674
83604193;GS610JM;GS610JM;Gls Cosenza;TYPE2_C;8ebcad3c-cf3d-402b-bb2d-6e55a4ddde20;15h 51m 38s;23XK11M2J03BF00236 - Juice Box Dario;26/01/2026 08:22:46;25/01/2026 16:31:07;32,746
83604189;GM709PN;GM709PN;Gls Cosenza;TYPE2_C;956040f6-44e3-41b4-9414-b490f415c71f;60h 16m 18s;21XK11T2J03BF01381 - Juice Box 10;26/01/2026 06:35:46;23/01/2026 18:19:27;41,85
83604192;GR628XD;GR628XD;Gls Cosenza;TYPE2_C;228daf29-42a2-4891-adda-cb49c4289cf8;61h 5m 39s;21XK11T2J03BF00817 - Juice Box 9;26/01/2026 06:20:32;23/01/2026 17:14:53;44,486
83604191;GS820JN;GS820JN;Gls Cosenza;TYPE2_C;f869d68c-61c8-44a6-b343-bd4447e5923e;63h 4m 32s;21XK11T2J03BF01379 - Juice Box 8;26/01/2026 08:05:45;23/01/2026 17:01:12;44,958
83510720;GM100FB;GM100FB;Gls Cosenza;TYPE2_C;57b58a00-9dce-4056-89e2-5f25dcffef56;62h 25m 49s;21XK11T2J03BF00819 - Juice Box 7;26/01/2026 07:25:55;23/01/2026 17:00:05;49,05
83601661;GR637XD;GR637XD;Gls Cosenza;TYPE2_C;f767370d-c66d-45ac-86bb-7e68a180d839;61h 32m 42s;21XK11T2J03BF01377 - Juice Box 6;26/01/2026 05:54:16;23/01/2026 16:21:33;45,736
83511001;GM099FB;GM099FB;Gls Cosenza;TYPE2_C;84484c9d-7eea-41d0-a630-349ae285ffac;62h 11m 42s;21XK11T2J03BF01376 - Juice Box 3;26/01/2026 06:17:23;23/01/2026 16:05:41;43,514
85073115;GS691VF2;GS691VF2;Gls Cosenza;TYPE2_C;98232fc5-f7fd-41b6-b991-cb2f76cec2df;61h 45m 40s;21XK11T2J03BF00818 - Juice Box 2;26/01/2026 05:36:20;23/01/2026 15:50:40;25,072
83601537;GM098FB;GM098FB;Gls Cosenza;TYPE2_C;3a498265-5e19-4fcb-9389-0b3c5cc0fa7a;63h 17m 9s;21XK11T2J03BF01380 - Juice Box 5;26/01/2026 06:53:19;23/01/2026 15:36:10;33,716
83662927;GS824JN;GS824JN;Gls Cosenza;TYPE2_C;9382ee6e-04ed-4df8-a914-953c35a07719;62h 55m 46s;21XK11T2J03BF00797 - Juice Box 4;26/01/2026 06:12:01;23/01/2026 15:16:14;56,106
83601537;GM098FB;GM098FB;Gls Cosenza;TYPE2_C;9c118fd3-fa73-4640-8ec6-200cb47ed549;63h 25m 56s;21XK11T2J03BF00793 - Juice Box 1;26/01/2026 05:36:09;23/01/2026 14:10:12;29,318
85048281;GY024FX;GY024FX;Gls Cosenza;TYPE2_C;85b0a1f0-8ebd-433c-8466-7e3ad9f7f02f;2h 54m 9s;21XK11T2J03BF01380 - Juice Box 5;23/01/2026 12:56:19;23/01/2026 10:02:10;26,736
83601659;GS690EP;GS690EP;Gls Cosenza;TYPE2_C;cefbab4b-4248-4edc-940a-4eee0882d3b2;4h 28m 57s;21XK11T2J03BF00817 - Juice Box 9;23/01/2026 13:03:04;23/01/2026 08:34:07;23,746
83604192;GR628XD;GR628XD;Gls Cosenza;TYPE2_C;fe132757-cbcd-4ef0-bd7e-d695efbe9ef6;0h 0m 16s;21XK11T2J03BF01379 - Juice Box 8;23/01/2026 07:03:55;23/01/2026 07:03:38;0
83601684;GS874LZ;GS874LZ;Gls Cosenza;TYPE2_C;6c31e268-14c2-4532-8d83-fbc2fd7f2267;12h 31m 40s;23XK11M2J03BF00236 - Juice Box Dario;23/01/2026 07:33:04;22/01/2026 19:01:23;37,114
83604189;GM709PN;GM709PN;Gls Cosenza;TYPE2_C;f11abc09-925d-4fb2-8ae0-9415d2dc63a9;12h 17m 55s;21XK11T2J03BF00818 - Juice Box 2;23/01/2026 06:31:52;22/01/2026 18:13:56;36,136
83604192;GR628XD;GR628XD;Gls Cosenza;TYPE2_C;ca830f65-0a48-425e-88db-64aaceacb231;12h 14m 0s;21XK11T2J03BF00819 - Juice Box 7;23/01/2026 06:16:41;22/01/2026 18:02:40;27,992
83604192;GR628XD;GR628XD;Gls Cosenza;TYPE2_C;8fd04e7e-3904-449c-9e1f-743c983bf58a;12h 14m 59s;21XK11T2J03BF00819 - Juice Box 7;23/01/2026 06:16:28;22/01/2026 18:01:28;0
83604192;GR628XD;GR628XD;Gls Cosenza;TYPE2_C;593e6348-8609-4da2-954d-387432ab1a2a;0h 0m 1s;21XK11T2J03BF00819 - Juice Box 7;22/01/2026 18:00:57;22/01/2026 18:00:56;0
83604192;GR628XD;GR628XD;Gls Cosenza;TYPE2_C;960880ef-0dae-4d97-a31d-a2eebc76ef3a;13h 3m 47s;21XK11T2J03BF01379 - Juice Box 8;23/01/2026 07:03:45;22/01/2026 17:59:58;52,868
83510720;GM100FB;GM100FB;Gls Cosenza;TYPE2_C;cc4f75fc-fa09-4ea5-8400-04000f30166b;14h 37m 34s;21XK11T2J03BF01377 - Juice Box 6;23/01/2026 07:25:36;22/01/2026 16:48:02;56,434
83604191;GS820JN;GS820JN;Gls Cosenza;TYPE2_C;8a8955e5-5024-4cb4-9d03-e607f9b5e0a4;0h 0m 33s;21XK11T2J03BF00819 - Juice Box 7;22/01/2026 16:24:29;22/01/2026 16:24:01;0
83511001;GM099FB;GM099FB;Gls Cosenza;TYPE2_C;cfd68147-800c-4547-bb40-bbc42fa18701;13h 45m 51s;21XK11T2J03BF01376 - Juice Box 3;23/01/2026 06:02:17;22/01/2026 16:16:26;41,168
83601537;GM098FB;GM098FB;Gls Cosenza;TYPE2_C;d2b2fc65-d381-42f3-8202-a67e8ef78a3d;14h 36m 13s;21XK11T2J03BF01380 - Juice Box 5;23/01/2026 06:41:37;22/01/2026 16:05:24;36,104
83662927;GS824JN;GS824JN;Gls Cosenza;TYPE2_C;e88d0188-02fb-4519-a0da-ded77869626f;14h 29m 18s;21XK11T2J03BF00797 - Juice Box 4;23/01/2026 06:12:23;22/01/2026 15:43:04;54,088
85073115;GS691VF2;GS691VF2;Gls Cosenza;TYPE2_C;5bf1b59a-b700-41dc-ada9-b05cdc5f8e73;14h 0m 28s;20XP22T3KK4AL01214 - Juice Pole 2 Prese;23/01/2026 05:37:34;22/01/2026 15:37:05;23,426
85073115;GS691VF2;GS691VF2;Gls Cosenza;TYPE2_C;ae6afe66-9ba9-437b-b870-9a2b17c7f07a;0h 1m 35s;21XK11T2J03BF01381 - Juice Box 10;22/01/2026 15:36:14;22/01/2026 15:34:39;0
85073115;GS691VF2;GS691VF2;Gls Cosenza;TYPE2_C;aa59fb07-ef28-4f34-83c9-d6191858e879;0h 0m 58s;21XK11T2J03BF00797 - Juice Box 4;22/01/2026 15:33:23;22/01/2026 15:32:24;0
85073115;GS691VF2;GS691VF2;Gls Cosenza;TYPE2_C;4fb787cb-ff76-4eb2-a355-05150fa3c7b9;0h 1m 36s;21XK11T2J03BF01376 - Juice Box 3;22/01/2026 15:32:52;22/01/2026 15:31:16;0
85073115;GS691VF2;GS691VF2;Gls Cosenza;TYPE2_C;d5dd20e1-17ac-41fd-92fc-1428ee65c46d;0h 0m 49s;21XK11T2J03BF00818 - Juice Box 2;22/01/2026 15:29:32;22/01/2026 15:28:43;0
85073115;GS691VF2;GS691VF2;Gls Cosenza;TYPE2_C;51ef6340-c268-4c4d-94b1-51e45bae8f39;0h 1m 36s;21XK11T2J03BF00818 - Juice Box 2;22/01/2026 15:28:37;22/01/2026 15:27:02;0
83604193;GS610JM;GS610JM;Gls Cosenza;TYPE2_C;a8473005-41b2-47cc-b03d-7a7eb20cf2c9;4h 2m 29s;20XP22T3KK4AL01214 - Juice Pole 2 Prese;22/01/2026 19:01:38;22/01/2026 14:59:09;29,478
83601537;GM098FB;GM098FB;Gls Cosenza;TYPE2_C;f594b371-0da0-442d-9275-213860a4b9da;16h 26m 18s;21XK11T2J03BF00793 - Juice Box 1;23/01/2026 05:30:35;22/01/2026 13:04:16;23,952
85048280;GF923SW;GF923SW;Gls Cosenza;TYPE2_C;0eb85733-8c7e-459d-a3cd-208c99db7d35;4h 23m 30s;20XP22T3KK4AL01214 - Juice Pole 2 Prese;22/01/2026 10:42:49;22/01/2026 06:19:19;14,872
83601684;GS874LZ;GS874LZ;Gls Cosenza;TYPE2_C;3e5a5def-1585-48f5-871b-7baed70a9123;13h 37m 2s;23XK11M2J03BF00236 - Juice Box Dario;22/01/2026 08:29:50;21/01/2026 18:52:47;12,772
83604189;GM709PN;GM709PN;Gls Cosenza;TYPE2_C;c94dd3ce-919f-4f35-b33b-db4ea4c8beee;12h 22m 46s;21XK11T2J03BF01381 - Juice Box 10;22/01/2026 06:33:20;21/01/2026 18:10:33;54,244
83604191;GS820JN;GS820JN;Gls Cosenza;TYPE2_C;00d8ede7-690d-4504-b868-1e481767c4c3;13h 47m 21s;21XK11T2J03BF00817 - Juice Box 9;22/01/2026 07:18:50;21/01/2026 17:31:29;55,62
83510720;GM100FB;GM100FB;Gls Cosenza;TYPE2_C;ac46a0ae-461a-48ac-83d3-400e54115d88;13h 56m 42s;21XK11T2J03BF01379 - Juice Box 8;22/01/2026 07:24:19;21/01/2026 17:27:36;49,53
85073115;GS691VF2;GS691VF2;Gls Cosenza;TYPE2_C;fd168de8-70d8-47bc-951b-c73eba0dbbd4;12h 43m 56s;21XK11T2J03BF00818 - Juice Box 2;22/01/2026 05:33:40;21/01/2026 16:49:44;26,538
83604192;GR628XD;GR628XD;Gls Cosenza;TYPE2_C;70292ff2-d6cc-475c-8f89-54e344165146;14h 29m 31s;21XK11T2J03BF01380 - Juice Box 5;22/01/2026 07:10:29;21/01/2026 16:40:58;54,126
83601661;GR637XD;GR637XD;Gls Cosenza;TYPE2_C;b4384987-b821-448f-b811-3aded8613693;14h 30m 12s;21XK11T2J03BF01377 - Juice Box 6;22/01/2026 06:58:57;21/01/2026 16:28:44;37,828
83601661;GR637XD;GR637XD;Gls Cosenza;TYPE2_C;92fdbfcb-09c5-40c4-84cb-e4af8b7b5bc2;14h 42m 8s;21XK11T2J03BF00819 - Juice Box 7;22/01/2026 07:02:37;21/01/2026 16:20:28;63,838
83511001;GM099FB;GM099FB;Gls Cosenza;TYPE2_C;76dbd94c-41e7-4d92-bf19-254f8bd60356;13h 50m 0s;21XK11T2J03BF01376 - Juice Box 3;22/01/2026 06:03:05;21/01/2026 16:13:04;40,966
83601537;GM098FB;GM098FB;Gls Cosenza;TYPE2_C;3a0c3f91-2431-4dc9-99b3-7e5bd33f62f5;13h 49m 20s;21XK11T2J03BF00793 - Juice Box 1;22/01/2026 05:37:23;21/01/2026 15:48:02;25,498
83662927;GS824JN;GS824JN;Gls Cosenza;TYPE2_C;2714a3aa-2689-4782-98a8-5da7195c5222;14h 21m 38s;21XK11T2J03BF00797 - Juice Box 4;22/01/2026 06:01:37;21/01/2026 15:39:58;64,216
83601659;GS690EP;GS690EP;Gls Cosenza;TYPE2_C;13f44309-0859-425c-93c5-5441582a7b93;4h 20m 18s;20XP22T3KK4AL01214 - Juice Pole 2 Prese;21/01/2026 13:07:33;21/01/2026 08:47:14;44,456
85048280;GF923SW;GF923SW;Gls Cosenza;TYPE2_C;1caab29e-4761-4844-acdc-6b29140bc4e6;3h 37m 35s;20XP22T3KK4AL01214 - Juice Pole 2 Prese;21/01/2026 09:56:56;21/01/2026 06:19:21;14,624
83601684;GS874LZ;GS874LZ;Gls Cosenza;TYPE2_C;7176ecef-24b0-4d1a-afde-62c94611231a;13h 40m 21s;23XK11M2J03BF00236 - Juice Box Dario;21/01/2026 08:35:12;20/01/2026 18:54:51;31,322
83604191;GS820JN;GS820JN;Gls Cosenza;TYPE2_C;ada38853-10df-4aa1-b92f-fb590ca09eef;13h 38m 23s;20XP22T3KK4AL01214 - Juice Pole 2 Prese;21/01/2026 07:23:13;20/01/2026 17:44:49;41,602
83604189;GM709PN;GM709PN;Gls Cosenza;TYPE2_C;01e2551f-31bd-451b-9823-90bc8a047115;12h 49m 0s;21XK11T2J03BF01381 - Juice Box 10;21/01/2026 06:30:20;20/01/2026 17:41:19;49,262
83604192;GR628XD;GR628XD;Gls Cosenza;TYPE2_C;38e6ef2e-d3fb-4064-96aa-1db0662a6461;14h 16m 12s;21XK11T2J03BF01379 - Juice Box 8;21/01/2026 07:23:59;20/01/2026 17:07:46;53,188
83510720;GM100FB;GM100FB;Gls Cosenza;TYPE2_C;0df069c8-570c-490e-a50a-51cf9cfbcef5;14h 19m 10s;21XK11T2J03BF01377 - Juice Box 6;21/01/2026 07:21:41;20/01/2026 17:02:30;62,882
83511001;GM099FB;GM099FB;Gls Cosenza;TYPE2_C;4f830960-6583-48d0-a205-56fed02078fa;14h 14m 51s;21XK11T2J03BF01376 - Juice Box 3;21/01/2026 06:08:50;20/01/2026 15:53:58;44,868
83601537;GM098FB;GM098FB;Gls Cosenza;TYPE2_C;bd1e43f8-0152-4b1e-bc90-c7083c2e453d;15h 18m 3s;21XK11T2J03BF01380 - Juice Box 5;21/01/2026 06:48:40;20/01/2026 15:30:36;32,138
85073115;GS691VF2;GS691VF2;Gls Cosenza;TYPE2_C;a148a67e-41dd-4201-826b-23280147db36;14h 24m 4s;21XK11T2J03BF00818 - Juice Box 2;21/01/2026 05:25:56;20/01/2026 15:01:52;23,51
83604193;GS610JM;GS610JM;Gls Cosenza;TYPE2_C;81286f14-ec7f-43f6-b70f-0c1a1428cf30;4h 4m 27s;20XP22T3KK4AL01214 - Juice Pole 2 Prese;20/01/2026 19:00:45;20/01/2026 14:56:17;30,032
83662927;GS824JN;GS824JN;Gls Cosenza;TYPE2_C;6ebc31fa-6ce4-4d66-86fa-f921fab2e742;15h 38m 38s;21XK11T2J03BF00797 - Juice Box 4;21/01/2026 06:24:25;20/01/2026 14:45:46;54,146
83601537;GM098FB;GM098FB;Gls Cosenza;TYPE2_C;670e73d7-0479-445a-a8d4-14a04c9515a0;15h 42m 12s;21XK11T2J03BF00793 - Juice Box 1;21/01/2026 05:26:29;20/01/2026 13:44:16;28,08
85048281;GY024FX;GY024FX;Gls Cosenza;TYPE2_C;d54b6232-b3f2-4855-95dd-f741e0990056;3h 56m 24s;21XK11T2J03BF00817 - Juice Box 9;20/01/2026 13:33:26;20/01/2026 09:37:01;37,504
85048280;GF923SW;GF923SW;Gls Cosenza;TYPE2_C;8ae9426b-a416-41f6-911c-85ced220bcc4;3h 27m 47s;20XP22T3KK4AL01214 - Juice Pole 2 Prese;20/01/2026 09:41:42;20/01/2026 06:13:55;14,938
83604189;GM709PN;GM709PN;Gls Cosenza;TYPE2_C;a4e4fb00-8307-4495-a8c6-95eb1e325334;12h 6m 58s;21XK11T2J03BF01381 - Juice Box 10;20/01/2026 06:17:10;19/01/2026 18:10:11;44,322
83604192;GR628XD;GR628XD;Gls Cosenza;TYPE2_C;4df0812a-4f9c-45a9-9f24-c373b7d32abf;12h 42m 16s;21XK11T2J03BF00817 - Juice Box 9;20/01/2026 06:14:18;19/01/2026 17:32:01;48,158
83601684;GS874LZ;GS874LZ;Gls Cosenza;TYPE2_C;8c83f895-ca20-474d-8658-17f4418d60af;15h 30m 50s;23XK11M2J03BF00236 - Juice Box Dario;20/01/2026 08:19:12;19/01/2026 16:48:21;32,279
83604191;GS820JN;GS820JN;Gls Cosenza;TYPE2_C;3bdfe22e-b351-438a-afae-79d79fb7309c;14h 22m 46s;21XK11T2J03BF01379 - Juice Box 8;20/01/2026 07:09:41;19/01/2026 16:46:54;28,652
83510720;GM100FB;GM100FB;Gls Cosenza;TYPE2_C;a4fe9c83-1805-410f-9b2a-b5ead96ca0b5;14h 41m 27s;21XK11T2J03BF01380 - Juice Box 5;20/01/2026 07:17:18;19/01/2026 16:35:50;54,388
83511001;GM099FB;GM099FB;Gls Cosenza;TYPE2_C;877a0815-560a-4824-8e3d-071445e558a8;13h 33m 47s;21XK11T2J03BF01376 - Juice Box 3;20/01/2026 05:59:53;19/01/2026 16:26:05;42,924
83601661;GR637XD;GR637XD;Gls Cosenza;TYPE2_C;18eb45c2-d0fa-4df5-9eb3-b1229d94e65f;13h 43m 12s;21XK11T2J03BF00819 - Juice Box 7;20/01/2026 06:00:45;19/01/2026 16:17:32;66,764
83662927;GS824JN;GS824JN;Gls Cosenza;TYPE2_C;12a33e8c-6421-4862-bab7-2ebb26bdf902;14h 12m 53s;21XK11T2J03BF00797 - Juice Box 4;20/01/2026 06:16:13;19/01/2026 16:03:20;64,306
83662927;GS824JN;GS824JN;Gls Cosenza;TYPE2_C;e129e423-0413-4f9d-9309-f6a96f20257a;0h 0m 50s;21XK11T2J03BF00797 - Juice Box 4;19/01/2026 16:03:13;19/01/2026 16:02:24;0
83601537;GM098FB;GM098FB;Gls Cosenza;TYPE2_C;bc759831-77cb-451b-ade4-44c85be99d89;14h 53m 4s;21XK11T2J03BF01377 - Juice Box 6;20/01/2026 06:43:57;19/01/2026 15:50:52;32,872
85073115;GS691VF2;GS691VF2;Gls Cosenza;TYPE2_C;da0fdd29-3717-4742-a706-d1e6f603501f;14h 1m 58s;21XK11T2J03BF00818 - Juice Box 2;20/01/2026 05:32:12;19/01/2026 15:30:14;20,262
85073096;HA748ME;HA748ME;Gls Cosenza;TYPE2_C;5c520f8c-3165-42e2-b181-2ec5df29e7e5;2h 30m 45s;21XK11T2J03BF01380 - Juice Box 5;19/01/2026 15:39:34;19/01/2026 13:08:48;22,232
83601537;GM098FB;GM098FB;Gls Cosenza;TYPE2_C;90fd9aed-1e52-4200-a64e-54f564b5a511;16h 23m 30s;21XK11T2J03BF00793 - Juice Box 1;20/01/2026 05:31:37;19/01/2026 13:08:06;19,15
83601684;GS874LZ;GS874LZ;Gls Cosenza;TYPE2_C;5e740dd4-815e-4d47-be16-ebc222d8f418;15h 38m 52s;23XK11M2J03BF00236 - Juice Box Dario;19/01/2026 08:19:10;18/01/2026 16:40:17;26,932
85048280;GF923SW;GF923SW;Gls Cosenza;TYPE2_C;f7b30b37-978a-4349-b836-0a9522b825c2;2h 4m 2s;20XP22T3KK4AL01214 - Juice Pole 2 Prese;17/01/2026 12:08:35;17/01/2026 10:04:32;9,56
83604189;GM709PN;GM709PN;Gls Cosenza;TYPE2_C;5f211cc1-e6e3-4a58-8689-4c68a7618b7d;59h 29m 23s;21XK11T2J03BF00817 - Juice Box 9;19/01/2026 06:21:14;16/01/2026 18:51:51;44,722
83601659;GS690EP;GS690EP;Gls Cosenza;TYPE2_C;fa44371c-67ba-4945-a8bd-ab6e08579c21;1h 39m 32s;20XP22T3KK4AL01214 - Juice Pole 2 Prese;16/01/2026 19:29:19;16/01/2026 17:49:46;18,132
83604192;GR628XD;GR628XD;Gls Cosenza;TYPE2_C;7527d9e9-0b2b-4452-afdd-ba650fce6011;62h 3m 4s;21XK11T2J03BF01379 - Juice Box 8;19/01/2026 07:01:11;16/01/2026 16:58:06;41,034
85073115;GS691VF2;GS691VF2;Gls Cosenza;TYPE2_C;2ac7004b-a2cf-4aad-bafd-97ad18eefda2;60h 49m 18s;21XK11T2J03BF00818 - Juice Box 2;19/01/2026 05:39:58;16/01/2026 16:50:39;26,244
83604191;GS820JN;GS820JN;Gls Cosenza;TYPE2_C;a662cd4d-9a83-4886-b9f9-13c65a73166f;63h 11m 40s;21XK11T2J03BF01377 - Juice Box 6;19/01/2026 07:47:53;16/01/2026 16:36:12;37,498
83510720;GM100FB;GM100FB;Gls Cosenza;TYPE2_C;45f03d3b-80d5-416f-ba7f-78afd5013772;62h 41m 52s;21XK11T2J03BF00819 - Juice Box 7;19/01/2026 07:17:53;16/01/2026 16:36:01;50,28
83511001;GM099FB;GM099FB;Gls Cosenza;TYPE2_C;767f35dc-7d65-47dc-998f-0e59ce8428e5;62h 4m 9s;21XK11T2J03BF01376 - Juice Box 3;19/01/2026 06:19:29;16/01/2026 16:15:20;44,246
83662927;GS824JN;GS824JN;Gls Cosenza;TYPE2_C;c6f312c1-3221-4335-9517-113427fd72f2;62h 15m 4s;21XK11T2J03BF00797 - Juice Box 4;19/01/2026 06:12:45;16/01/2026 15:57:40;56,77
83601537;GM098FB;GM098FB;Gls Cosenza;TYPE2_C;8b3242a7-7b1c-4624-b418-eba74f053669;63h 37m 55s;21XK11T2J03BF01380 - Juice Box 5;19/01/2026 06:58:10;16/01/2026 15:20:14;35,672
85073096;HA748ME;HA748ME;Gls Cosenza;TYPE2_C;11be97a5-7c1e-4cd7-b4ae-5f62e05ebc37;5h 2m 38s;20XP22T3KK4AL01214 - Juice Pole 2 Prese;16/01/2026 20:12:51;16/01/2026 15:10:13;22,304
83604193;GS610JM;GS610JM;Gls Cosenza;TYPE2_C;4cee2c39-bc55-4127-b227-0d9f689eee4e;2h 47m 15s;20XP22T3KK4AL01214 - Juice Pole 2 Prese;16/01/2026 17:46:03;16/01/2026 14:58:48;28,918
83601537;GM098FB;GM098FB;Gls Cosenza;TYPE2_C;ba42486e-b8fc-429b-b611-7d179e4d267d;64h 0m 6s;21XK11T2J03BF00793 - Juice Box 1;19/01/2026 05:42:19;16/01/2026 13:42:13;29,47
85048280;GF923SW;GF923SW;Gls Cosenza;TYPE2_C;ca2862a1-2f3c-4f86-8c4a-9a89378e5527;5h 42m 30s;20XP22T3KK4AL01214 - Juice Pole 2 Prese;16/01/2026 11:58:55;16/01/2026 06:16:25;17,664
83601684;GS874LZ;GS874LZ;Gls Cosenza;TYPE2_C;61873527-aadb-44ed-a6c9-a77689b989d7;12h 34m 44s;23XK11M2J03BF00236 - Juice Box Dario;16/01/2026 08:19:06;15/01/2026 19:44:21;42,04
83604189;GM709PN;GM709PN;Gls Cosenza;TYPE2_C;e98cfd5a-40d0-4b52-9221-ade561a0ac34;12h 1m 23s;21XK11T2J03BF00817 - Juice Box 9;16/01/2026 06:34:02;15/01/2026 18:32:39;40,666
83601661;GR637XD;GR637XD;Gls Cosenza;TYPE2_C;43b244f5-a77f-4602-948b-c4e42da6e4d6;14h 8m 52s;21XK11T2J03BF01381 - Juice Box 10;16/01/2026 07:06:42;15/01/2026 16:57:49;46,826
83604192;GR628XD;GR628XD;Gls Cosenza;TYPE2_C;756c3883-f924-4dc8-9a36-7f1dcd5dcf17;13h 47m 2s;21XK11T2J03BF00819 - Juice Box 7;16/01/2026 06:38:27;15/01/2026 16:51:24;46,546
83604192;GR628XD;GR628XD;Gls Cosenza;TYPE2_C;73bf206e-96c9-4794-bb0f-5c2ae34f1830;0h 0m 46s;21XK11T2J03BF00819 - Juice Box 7;15/01/2026 16:50:25;15/01/2026 16:49:48;0
83604192;GR628XD;GR628XD;Gls Cosenza;TYPE2_C;3d146376-ebc7-4ec4-8622-b8f05c2d537c;0h 0m 4s;21XK11T2J03BF00819 - Juice Box 7;15/01/2026 16:48:39;15/01/2026 16:48:34;0
83604192;GR628XD;GR628XD;Gls Cosenza;TYPE2_C;ac398aa5-413f-4e5a-b38f-1f0162c8952f;13h 57m 30s;21XK11T2J03BF01379 - Juice Box 8;16/01/2026 06:45:43;15/01/2026 16:48:12;52,266
83510720;GM100FB;GM100FB;Gls Cosenza;TYPE2_C;c5ba4b61-b5f2-495d-8590-629cb792ca10;14h 34m 31s;21XK11T2J03BF01380 - Juice Box 5;16/01/2026 07:22:34;15/01/2026 16:48:02;46,942
83604192;GR628XD;GR628XD;Gls Cosenza;TYPE2_C;1d8ac92e-80d5-49aa-a9e6-f56f126fa860;0h 0m 55s;21XK11T2J03BF00819 - Juice Box 7;15/01/2026 16:48:41;15/01/2026 16:47:46;0,006
83662927;GS824JN;GS824JN;Gls Cosenza;TYPE2_C;7c577004-b44c-4587-a9ba-baf512243ddb;14h 9m 38s;21XK11T2J03BF00797 - Juice Box 4;16/01/2026 06:38:45;15/01/2026 16:29:06;62,69
85073115;GS691VF2;GS691VF2;Gls Cosenza;TYPE2_C;09df2124-87da-4169-8307-90733063ffce;13h 7m 42s;21XK11T2J03BF00818 - Juice Box 2;16/01/2026 05:36:40;15/01/2026 16:28:58;25,466
83511001;GM099FB;GM099FB;Gls Cosenza;TYPE2_C;db508319-9919-4f60-adec-55311c169e98;14h 5m 57s;21XK11T2J03BF01376 - Juice Box 3;16/01/2026 06:01:24;15/01/2026 15:55:27;56,814
83604191;GS820JN;GS820JN;Gls Cosenza;TYPE2_C;92fbed2e-a0d0-461a-9b26-aff07031aedc;15h 29m 42s;21XK11T2J03BF01377 - Juice Box 6;16/01/2026 07:22:13;15/01/2026 15:52:30;26,434
83604193;GS610JM;GS610JM;Gls Cosenza;TYPE2_C;3272790f-86a1-42da-8a98-6c1e0dc47612;4h 8m 21s;20XP22T3KK4AL01214 - Juice Pole 2 Prese;15/01/2026 19:06:45;15/01/2026 14:58:23;25,948
83601537;GM098FB;GM098FB;Gls Cosenza;TYPE2_C;20f7da3a-b407-40cf-ae02-fa5eda296a0c;16h 43m 20s;21XK11T2J03BF00793 - Juice Box 1;16/01/2026 05:34:07;15/01/2026 12:50:46;43,309
83510720;GM100FB;GM100FB;Gruppo Chiappetta;CCS2;1afd783f-6d71-4937-9624-81bb49c5ac0c;0h 35m 3s;22BZ3369A - OP-15599573 - Gruppo Chiappetta;15/01/2026 09:00:58;15/01/2026 08:25:54;20,336
83662927;GS824JN;GS824JN;Gruppo Chiappetta;CCS2;d232ca65-e5f8-48d1-b97a-470381db1fdf;1h 9m 56s;22BZ3369A - OP-15599573 - Gruppo Chiappetta;15/01/2026 09:26:42;15/01/2026 08:16:45;51,748
83604192;GR628XD;GR628XD;Gruppo Chiappetta;CCS2;1c757ab3-d2f2-42b3-bb21-5e3d9c68ac5b;0h 57m 0s;22BZ3369A - OP-15599573 - Gruppo Chiappetta;15/01/2026 08:24:03;15/01/2026 07:27:02;27,183
83604192;GR628XD;GR628XD;Gls Cosenza;TYPE2_C;a1cd43a7-c663-4d8d-89e9-95771e8e2477;0h 0m 8s;21XK11T2J03BF01377 - Juice Box 6;15/01/2026 07:11:09;15/01/2026 07:11:01;0
83662927;GS824JN;GS824JN;Gls Cosenza;TYPE2_C;217ca2b1-b88c-459e-a3c4-209aa299df5d;0h 0m 4s;21XK11T2J03BF00797 - Juice Box 4;15/01/2026 07:03:09;15/01/2026 07:03:04;0
83511001;GM099FB;GM099FB;Gls Cosenza;TYPE2_C;386d5e35-ed93-42e3-b488-fc330478452f;0h 41m 53s;21XK11T2J03BF01376 - Juice Box 3;15/01/2026 06:45:09;15/01/2026 06:03:16;7,32
83604193;GS610JM;GS610JM;Gls Cosenza;TYPE2_C;09e5fb30-c61c-4d23-8e7a-797cc691e189;0h 1m 43s;20XP22T3KK4AL01214 - Juice Pole 2 Prese;14/01/2026 19:21:54;14/01/2026 19:20:12;0
83601684;GS874LZ;GS874LZ;Gls Cosenza;TYPE2_C;3af75b40-ca89-43e7-b435-1108f3575f7b;13h 15m 46s;23XK11M2J03BF00236 - Juice Box Dario;15/01/2026 08:17:14;14/01/2026 19:01:27;15,604
83604189;GM709PN;GM709PN;Gls Cosenza;TYPE2_C;caba2df6-dce0-4fb8-9eda-100e64031269;11h 29m 52s;21XK11T2J03BF01381 - Juice Box 10;15/01/2026 06:22:06;14/01/2026 18:52:14;37,45
83510720;GM100FB;GM100FB;Gls Cosenza;TYPE2_C;49afa3eb-c9ff-48ac-afa8-25211673ddfd;12h 57m 43s;21XK11T2J03BF01380 - Juice Box 5;15/01/2026 07:20:16;14/01/2026 18:22:32;57,814
83604191;GS820JN;GS820JN;Gls Cosenza;TYPE2_C;58512967-7f6e-417c-b82d-8f2b4fca38e3;11h 52m 26s;21XK11T2J03BF01379 - Juice Box 8;15/01/2026 06:14:47;14/01/2026 18:22:20;41,12
85073115;GS691VF2;GS691VF2;Gls Cosenza;TYPE2_C;abf9fd04-3e57-4b31-a9bd-53d4de01deca;11h 14m 50s;21XK11T2J03BF00818 - Juice Box 2;15/01/2026 05:36:36;14/01/2026 18:21:46;21,288
83511001;GM099FB;GM099FB;Gls Cosenza;TYPE2_C;a9c6c146-5ab7-4311-9e89-515f66dbad72;0h 14m 5s;21XK11T2J03BF00819 - Juice Box 7;14/01/2026 17:58:16;14/01/2026 17:44:10;2,364
83662927;GS824JN;GS824JN;Gls Cosenza;TYPE2_C;9ee95304-9772-4a52-95d2-9a9deb9038c5;0h 46m 38s;21XK11T2J03BF00797 - Juice Box 4;14/01/2026 17:58:19;14/01/2026 17:11:40;8,226
83604192;GR628XD;GR628XD;Gls Cosenza;TYPE2_C;eb6b0682-0d15-4f75-ba3e-b68b5704513e;1h 4m 7s;21XK11T2J03BF01377 - Juice Box 6;14/01/2026 17:58:20;14/01/2026 16:54:12;11,3
83511001;GM099FB;GM099FB;Gls Cosenza;TYPE2_C;08e3c87c-b842-4873-96bb-8c2456854f4d;1h 40m 55s;21XK11T2J03BF01376 - Juice Box 3;14/01/2026 17:58:20;14/01/2026 16:17:24;17,972
83604193;GS610JM;GS610JM;Gls Cosenza;TYPE2_C;ae0cb783-3a13-400d-afea-3e61a6ad479f;3h 10m 48s;20XP22T3KK4AL01214 - Juice Pole 2 Prese;14/01/2026 19:20:10;14/01/2026 16:09:21;17,522
83601537;GM098FB;GM098FB;Gls Cosenza;TYPE2_C;d6a4c2fa-303a-496d-8e51-b766484827f6;1h 54m 11s;21XK11T2J03BF00793 - Juice Box 1;14/01/2026 17:58:16;14/01/2026 16:04:05;20,295
83510720;GM100FB;GM100FB;Gruppo Chiappetta;CCS2;4284e218-80d3-4f5f-b7b7-3ac5e057a3ec;1h 4m 19s;22BZ3369A - OP-15599573 - Gruppo Chiappetta;14/01/2026 10:00:06;14/01/2026 08:55:46;47,118
83601659;GS690EP;GS690EP;Gls Cosenza;TYPE2_C;f1fb8de6-6a4e-416b-b27d-a7991afeb9e5;4h 45m 6s;21XK11T2J03BF00819 - Juice Box 7;14/01/2026 13:04:07;14/01/2026 08:19:01;50,426
83510720;GM100FB;GM100FB;Gls Cosenza;TYPE2_C;81c9d729-8aee-42ff-b9d1-3b8a6197e7b1;0h 0m 7s;21XK11T2J03BF01380 - Juice Box 5;14/01/2026 07:23:06;14/01/2026 07:22:58;0
85048280;GF923SW;GF923SW;Gls Cosenza;TYPE2_C;ff668557-9ce3-473c-a4bb-c975a27e8006;5h 37m 19s;20XP22T3KK4AL01214 - Juice Pole 2 Prese;14/01/2026 11:50:54;14/01/2026 06:13:35;24,072
83601684;GS874LZ;GS874LZ;Gls Cosenza;TYPE2_C;fe7e70bb-d466-488d-8bb5-a4e1dbf74aa4;13h 0m 20s;23XK11M2J03BF00236 - Juice Box Dario;14/01/2026 08:16:58;13/01/2026 19:16:37;28,203
83604189;GM709PN;GM709PN;Gls Cosenza;TYPE2_C;f8751e64-82cc-4def-bd80-624e9dbea7ca;11h 17m 17s;20XP22T3KK4AL01214 - Juice Pole 2 Prese;14/01/2026 06:31:04;13/01/2026 19:13:46;41,6
83601684;GS874LZ;GS874LZ;Gls Cosenza;TYPE2_C;9affe427-cde7-48df-9568-6cc4377c257b;0h 2m 20s;23XK11M2J03BF00236 - Juice Box Dario;13/01/2026 19:16:02;13/01/2026 19:13:41;0,023
85073115;GS691VF2;GS691VF2;Gls Cosenza;TYPE2_C;086cd0b9-e14c-4aab-a479-404782b63431;12h 14m 32s;21XK11T2J03BF00818 - Juice Box 2;14/01/2026 05:30:54;13/01/2026 17:16:22;26,144
83604191;GS820JN;GS820JN;Gls Cosenza;TYPE2_C;695e4758-bae1-432a-a3c2-64c6213abc36;13h 24m 45s;21XK11T2J03BF00817 - Juice Box 9;14/01/2026 06:39:18;13/01/2026 17:14:33;46,794
83604191;GS820JN;GS820JN;Gls Cosenza;TYPE2_C;26a6064c-adf0-444a-95d9-67e4206f36fc;14h 29m 10s;21XK11T2J03BF01379 - Juice Box 8;14/01/2026 07:30:11;13/01/2026 17:01:00;45,914
83510720;GM100FB;GM100FB;Gls Cosenza;TYPE2_C;f6220d43-1b75-4056-a89a-293dee60bfba;14h 35m 1s;21XK11T2J03BF01380 - Juice Box 5;14/01/2026 07:24:36;13/01/2026 16:49:34;0,002
83604192;GR628XD;GR628XD;Gls Cosenza;TYPE2_C;520cf553-420d-4c76-944a-6c845ca04849;0h 0m 12s;21XK11T2J03BF00819 - Juice Box 7;13/01/2026 16:37:35;13/01/2026 16:37:22;0
83604192;GR628XD;GR628XD;Gls Cosenza;TYPE2_C;8f6ef523-49d7-4289-8f04-b35aec1fa96c;0h 0m 47s;21XK11T2J03BF00819 - Juice Box 7;13/01/2026 16:37:18;13/01/2026 16:36:31;0
83604192;GR628XD;GR628XD;Gls Cosenza;TYPE2_C;47dc8829-7df2-41dd-a8bf-b13239ea167e;0h 0m 9s;21XK11T2J03BF01380 - Juice Box 5;13/01/2026 16:35:46;13/01/2026 16:35:36;0
83604192;GR628XD;GR628XD;Gls Cosenza;TYPE2_C;b8b609f2-1576-40dc-a8b6-1d64a5ef675e;0h 2m 52s;21XK11T2J03BF01380 - Juice Box 5;13/01/2026 16:35:11;13/01/2026 16:32:18;0
83511001;GM099FB;GM099FB;Gls Cosenza;TYPE2_C;29bfa54f-05b0-41d0-8e0e-9e9c7be220d2;13h 46m 8s;21XK11T2J03BF01376 - Juice Box 3;14/01/2026 05:59:56;13/01/2026 16:13:48;42,35
83601661;GR637XD;GR637XD;Gls Cosenza;TYPE2_C;902ee00f-9065-4d1c-9fce-5069269cbde0;14h 21m 2s;21XK11T2J03BF01377 - Juice Box 6;14/01/2026 06:21:03;13/01/2026 16:00:00;46,006
83662927;GS824JN;GS824JN;Gls Cosenza;TYPE2_C;4ac1daae-0b5d-4a90-b157-a99eef402702;14h 36m 19s;21XK11T2J03BF00797 - Juice Box 4;14/01/2026 06:22:03;13/01/2026 15:45:44;59,04
83601537;GM098FB;GM098FB;Gls Cosenza;TYPE2_C;23fd3618-47fb-4bec-82bd-e25ca034e799;13h 53m 52s;21XK11T2J03BF00793 - Juice Box 1;14/01/2026 05:30:37;13/01/2026 15:36:44;26,7
83604191;GS820JN;GS820JN;Gls Cosenza;TYPE2_C;fe4950de-54ac-4761-8096-8f039026beb4;11h 46m 19s;20XP22T3KK4AL01214 - Juice Pole 2 Prese;13/01/2026 07:45:51;12/01/2026 19:59:31;60,826
83601684;GS874LZ;GS874LZ;Gls Cosenza;TYPE2_C;d5a8a810-7a4e-4e5b-b921-fbf47140ea4a;13h 21m 29s;23XK11M2J03BF00236 - Juice Box Dario;13/01/2026 08:19:14;12/01/2026 18:57:45;38,918
83604189;GM709PN;GM709PN;Gls Cosenza;TYPE2_C;5939da8c-7b9f-4eee-aec9-e072f028ea46;12h 54m 6s;21XK11T2J03BF01379 - Juice Box 8;13/01/2026 06:40:25;12/01/2026 17:46:18;40,762
83604189;GM709PN;GM709PN;Gls Cosenza;TYPE2_C;767d16aa-fdaf-41f0-85be-a55dfb2380d2;13h 32m 56s;21XK11T2J03BF00819 - Juice Box 7;13/01/2026 06:44:39;12/01/2026 17:11:43;39,608
83510720;GM100FB;GM100FB;Gls Cosenza;TYPE2_C;dae0690d-aaa5-4c80-ad69-89a05e2ed61c;14h 9m 38s;21XK11T2J03BF01380 - Juice Box 5;13/01/2026 07:19:26;12/01/2026 17:09:48;59,56
85073115;GS691VF2;GS691VF2;Gls Cosenza;TYPE2_C;3369e07a-3df8-443d-9f0d-603b1f5d64a6;12h 51m 14s;21XK11T2J03BF01377 - Juice Box 6;13/01/2026 05:30:47;12/01/2026 16:39:32;23,076
83662927;GS824JN;GS824JN;Gls Cosenza;TYPE2_C;5c6820a2-b86a-47d0-a2cc-30ee76a9c9ed;13h 41m 36s;21XK11T2J03BF00797 - Juice Box 4;13/01/2026 06:16:55;12/01/2026 16:35:18;65,644
83511001;GM099FB;GM099FB;Gls Cosenza;TYPE2_C;d6a4fa09-122c-493d-816b-551617c5430e;13h 48m 3s;21XK11T2J03BF01376 - Juice Box 3;13/01/2026 06:08:59;12/01/2026 16:20:56;48,016
83604192;GR628XD;GR628XD;Gls Cosenza;TYPE2_C;3f8e5363-f696-418f-a96d-410c8933964f;15h 3m 0s;21XK11T2J03BF00818 - Juice Box 2;13/01/2026 07:23:24;12/01/2026 16:20:24;41,714
83601537;GM098FB;GM098FB;Gls Cosenza;TYPE2_C;2e78a5b8-d837-467d-93c7-eba86d36cf75;13h 51m 26s;21XK11T2J03BF00793 - Juice Box 1;13/01/2026 05:30:55;12/01/2026 15:39:28;56,817
83604193;GS610JM;GS610JM;Gls Cosenza;TYPE2_C;d7a78584-838a-47ac-871d-cc2c47dfa357;4h 32m 33s;20XP22T3KK4AL01214 - Juice Pole 2 Prese;12/01/2026 19:18:10;12/01/2026 14:45:37;27,546
85073096;HA748ME;HA748ME;Gls Cosenza;TYPE2_C;bc8abd9c-d0e1-455f-a28b-6bd2ba02d86d;7h 15m 44s;20XP22T3KK4AL01214 - Juice Pole 2 Prese;12/01/2026 20:28:00;12/01/2026 13:12:15;22,018
83510720;GM100FB;GM100FB;Gls Cosenza;TYPE2_C;e185c286-099e-442c-83db-182d47c0568d;0h 0m 8s;21XK11T2J03BF01379 - Juice Box 8;12/01/2026 07:20:47;12/01/2026 07:20:38;0
83604192;GR628XD;GR628XD;Gls Cosenza;TYPE2_C;6badd549-b507-407b-a715-ec6cd6e4a800;0h 0m 9s;21XK11T2J03BF01380 - Juice Box 5;12/01/2026 06:28:14;12/01/2026 06:28:04;0
83662927;GS824JN;GS824JN;Gls Cosenza;TYPE2_C;6e64863e-fba0-421d-a7c3-989e6d57c0ca;0h 0m 4s;21XK11T2J03BF00797 - Juice Box 4;12/01/2026 06:24:03;12/01/2026 06:23:58;0
83511001;GM099FB;GM099FB;Gls Cosenza;TYPE2_C;32ad712a-ebdf-485a-a6ec-34ec7ad61636;0h 0m 17s;21XK11T2J03BF01376 - Juice Box 3;12/01/2026 06:22:23;12/01/2026 06:22:10;0
85048280;GF923SW;GF923SW;Gls Cosenza;TYPE2_C;9184a761-9dcb-4732-adc9-6d95046bc883;4h 48m 20s;20XP22T3KK4AL01214 - Juice Pole 2 Prese;12/01/2026 10:26:00;12/01/2026 05:37:39;18,648
83601684;GS874LZ;GS874LZ;Gls Cosenza;TYPE2_C;04b94959-d674-417d-b254-f7e319639058;15h 28m 56s;23XK11M2J03BF00236 - Juice Box Dario;12/01/2026 08:15:44;11/01/2026 16:46:47;27,049
83604193;GS610JM;GS610JM;Gls Cosenza;TYPE2_C;659ba7ed-6048-415f-85a4-cb5037a79667;3h 45m 47s;20XP22T3KK4AL01214 - Juice Pole 2 Prese;10/01/2026 12:07:51;10/01/2026 08:22:04;40,374
83604189;GM709PN;GM709PN;Gls Cosenza;TYPE2_C;d445a608-44e5-41a6-a06c-a4ffe9fbbc1b;58h 48m 27s;20XP22T3KK4AL01214 - Juice Pole 2 Prese;12/01/2026 06:12:57;09/01/2026 19:24:30;40,248
83604191;GS820JN;GS820JN;Gls Cosenza;TYPE2_C;e558c966-d164-41f9-b27a-96e5fd156d8b;31h 24m 9s;21XK11T2J03BF00817 - Juice Box 9;11/01/2026 01:31:52;09/01/2026 18:07:42;59,818
83510720;GM100FB;GM100FB;Gls Cosenza;TYPE2_C;2e978926-3e8f-4270-b182-722576d79ba6;31h 24m 33s;21XK11T2J03BF01379 - Juice Box 8;11/01/2026 01:31:53;09/01/2026 18:07:19;56,92
83601661;GR637XD;GR637XD;Gls Cosenza;TYPE2_C;5bc8d340-2827-4ccf-876b-b9f394de52e8;31h 37m 28s;21XK11T2J03BF00819 - Juice Box 7;11/01/2026 01:31:51;09/01/2026 17:54:23;38,326
83604192;GR628XD;GR628XD;Gls Cosenza;TYPE2_C;33026c8a-7f7c-4e38-9c3f-ba37506926bd;32h 28m 36s;21XK11T2J03BF01380 - Juice Box 5;11/01/2026 01:31:55;09/01/2026 17:03:18;56,328
83601661;GR637XD;GR637XD;Gls Cosenza;TYPE2_C;6a54bb5b-0ed1-4510-bb80-4743ca62b3c7;32h 31m 40s;21XK11T2J03BF01377 - Juice Box 6;11/01/2026 01:31:52;09/01/2026 17:00:11;43,02
85073115;GS691VF2;GS691VF2;Gls Cosenza;TYPE2_C;79da30f1-f5e0-4b5f-b943-b35fcfcb2d08;0h 0m 2s;21XK11T2J03BF00818 - Juice Box 2;09/01/2026 16:45:25;09/01/2026 16:45:22;0,002
85073115;GS691VF2;GS691VF2;Gls Cosenza;TYPE2_C;54224c57-e246-4dbf-9cc4-ca58bc42929f;0h 0m 44s;21XK11T2J03BF00818 - Juice Box 2;09/01/2026 16:45:01;09/01/2026 16:44:16;0
83511001;GM099FB;GM099FB;Gls Cosenza;TYPE2_C;d16cf1e5-2893-4dea-a11c-af6940504977;33h 18m 6s;21XK11T2J03BF01376 - Juice Box 3;11/01/2026 01:31:53;09/01/2026 16:13:47;46,038
83601537;GM098FB;GM098FB;Gls Cosenza;TYPE2_C;0bcdfcbd-c784-458e-8753-d2bd303d5ace;33h 34m 44s;21XK11T2J03BF00793 - Juice Box 1;11/01/2026 01:31:51;09/01/2026 15:57:07;46,746
83662927;GS824JN;GS824JN;Gls Cosenza;TYPE2_C;135c0336-6860-40ec-b453-24f5b4c66807;33h 39m 59s;21XK11T2J03BF00797 - Juice Box 4;11/01/2026 01:31:51;09/01/2026 15:51:52;53,858
85048281;GY024FX;GY024FX;Gls Cosenza;TYPE2_C;d3a6da55-28e7-4fdf-b683-173d7b61cb1f;2h 25m 54s;21XK11T2J03BF00817 - Juice Box 9;09/01/2026 13:06:45;09/01/2026 10:40:50;26,674
85048281;GY024FX;GY024FX;Gls Cosenza;TYPE2_C;3abd1b70-fc28-4257-8bad-cb66ec0e1184;0h 24m 38s;21XK11T2J03BF00817 - Juice Box 9;09/01/2026 10:22:17;09/01/2026 09:57:38;4,36
83601659;GS690EP;GS690EP;Gls Cosenza;TYPE2_C;14e4e5c6-f739-4dd2-9bc9-43e210bcf28e;4h 18m 19s;21XK11T2J03BF01380 - Juice Box 5;09/01/2026 13:04:57;09/01/2026 08:46:38;41,996
83604192;GR628XD;GR628XD;Gruppo Chiappetta;CCS2;e29471c1-f289-4ddc-9a70-3fb364126448;0h 57m 49s;22BZ3369A - OP-15599573 - Gruppo Chiappetta;09/01/2026 09:05:43;09/01/2026 08:07:53;50,211
85048280;GF923SW;GF923SW;Gls Cosenza;TYPE2_C;418887e0-9b20-43be-b74d-ce8b57e8e96c;5h 58m 54s;20XP22T3KK4AL01214 - Juice Pole 2 Prese;09/01/2026 12:15:56;09/01/2026 06:17:01;11,754
83604192;GR628XD;GR628XD;Gls Cosenza;TYPE2_C;8ce9d475-8542-4447-a753-0b893bffd4d5;0h 0m 8s;21XK11T2J03BF01377 - Juice Box 6;09/01/2026 06:12:42;09/01/2026 06:12:33;0
83604189;GM709PN;GM709PN;Gls Cosenza;TYPE2_C;7df526ca-c94e-48f5-8da3-a9c114eb4850;11h 38m 36s;20XP22T3KK4AL01214 - Juice Pole 2 Prese;09/01/2026 06:38:58;08/01/2026 19:00:21;50,606
83604189;GM709PN;GM709PN;Gls Cosenza;TYPE2_C;f08532ef-aa70-4469-9f26-5319c9e61add;0h 2m 7s;20XP22T3KK4AL01214 - Juice Pole 2 Prese;08/01/2026 18:59:42;08/01/2026 18:57:35;0
83604189;GM709PN;GM709PN;Gls Cosenza;TYPE2_C;e77f94cc-2528-4ad7-83e7-9789ae5a1850;0h 2m 4s;20XP22T3KK4AL01214 - Juice Pole 2 Prese;08/01/2026 18:57:23;08/01/2026 18:55:18;0
83604189;GM709PN;GM709PN;Gls Cosenza;TYPE2_C;a8f4a28c-e12f-41ff-adf6-236a353f7409;0h 1m 3s;20XP22T3KK4AL01214 - Juice Pole 2 Prese;08/01/2026 18:55:10;08/01/2026 18:54:06;0
83604191;GS820JN;GS820JN;Gls Cosenza;TYPE2_C;4ad0a5c4-2b7e-48b6-98ec-af74e905dc61;12h 2m 28s;21XK11T2J03BF01379 - Juice Box 8;09/01/2026 06:26:46;08/01/2026 18:24:17;40,348
83662927;GS824JN;GS824JN;Gls Cosenza;TYPE2_C;dca12117-d3ef-4fb7-86cf-e8f22238deff;13h 1m 10s;21XK11T2J03BF00819 - Juice Box 7;09/01/2026 06:12:41;08/01/2026 17:11:30;48,396
83510720;GM100FB;GM100FB;Gls Cosenza;TYPE2_C;2abd30bb-a644-4db0-9575-8926d210f3e6;14h 32m 16s;21XK11T2J03BF00797 - Juice Box 4;09/01/2026 07:22:21;08/01/2026 16:50:04;55,088
83604192;GR628XD;GR628XD;Gls Cosenza;TYPE2_C;fbd912fa-74b3-4f60-a4a0-bcb320b04411;13h 27m 28s;21XK11T2J03BF01377 - Juice Box 6;09/01/2026 06:14:10;08/01/2026 16:46:41;0,004
83511001;GM099FB;GM099FB;Gls Cosenza;TYPE2_C;ba9fd092-6c99-452c-afb2-153d70a979ff;13h 34m 27s;21XK11T2J03BF01380 - Juice Box 5;09/01/2026 05:59:51;08/01/2026 16:25:24;48,648
85073115;GS691VF2;GS691VF2;Gls Cosenza;TYPE2_C;1aa7111b-5e02-4387-b989-28ae2fe8b1ad;13h 7m 0s;21XK11T2J03BF01376 - Juice Box 3;09/01/2026 05:30:00;08/01/2026 16:23:00;23,562
83601537;GM098FB;GM098FB;Gls Cosenza;TYPE2_C;e7300f07-aad6-4721-aecd-1599014fa3e0;13h 49m 8s;21XK11T2J03BF00793 - Juice Box 1;09/01/2026 05:28:15;08/01/2026 15:39:07;21,85
83604193;GS610JM;GS610JM;Gls Cosenza;TYPE2_C;c4b6ac09-c8cc-4c78-a415-2c242f4459c2;3h 49m 18s;20XP22T3KK4AL01214 - Juice Pole 2 Prese;08/01/2026 18:46:16;08/01/2026 14:56:58;27,692
83604191;GS820JN;GS820JN;Gls Cosenza;TYPE2_C;0e23b89e-e078-4d5f-8598-fc5efb17fb29;18h 26m 32s;21XK11T2J03BF00818 - Juice Box 2;09/01/2026 07:21:37;08/01/2026 12:55:04;38,162
85048280;GF923SW;GF923SW;Gls Cosenza;TYPE2_C;e64e3e12-718e-41e3-aa2d-c0fbe9fd6359;5h 41m 10s;20XP22T3KK4AL01214 - Juice Pole 2 Prese;08/01/2026 11:47:41;08/01/2026 06:06:30;13,45
83601684;GS874LZ;GS874LZ;Gls Cosenza;TYPE2_C;e868cc99-1021-4746-b6ae-a35de84edb1b;12h 10m 27s;23XK11M2J03BF00236 - Juice Box Dario;08/01/2026 07:40:48;07/01/2026 19:30:21;31,917
83604189;GM709PN;GM709PN;Gls Cosenza;TYPE2_C;b806489d-19ce-417a-9c73-70ca8be5b4c0;11h 19m 36s;20XP22T3KK4AL01214 - Juice Pole 2 Prese;08/01/2026 06:36:36;07/01/2026 19:17:00;45,524
83604191;GS820JN;GS820JN;Gls Cosenza;TYPE2_C;b0aa9115-336c-413f-982e-0e4cbbf289b7;12h 57m 14s;21XK11T2J03BF00817 - Juice Box 9;08/01/2026 06:53:13;07/01/2026 17:55:58;41,38
83604191;GS820JN;GS820JN;Gls Cosenza;TYPE2_C;6f86c4d6-edfb-48c4-9d9a-16dadbaa7a64;13h 0m 46s;21XK11T2J03BF01381 - Juice Box 10;08/01/2026 06:54:22;07/01/2026 17:53:35;62,67
83510720;GM100FB;GM100FB;Gls Cosenza;TYPE2_C;a755798c-6600-4351-80da-1b250c721c7d;13h 27m 51s;21XK11T2J03BF01380 - Juice Box 5;08/01/2026 07:20:45;07/01/2026 17:52:54;54,4
83601537;GM098FB;GM098FB;Gls Cosenza;TYPE2_C;59d082dc-b3fd-40f8-829c-c1040fbd5b9a;11h 48m 22s;21XK11T2J03BF00819 - Juice Box 7;08/01/2026 05:27:01;07/01/2026 17:38:39;28,414
83601661;GR637XD;GR637XD;Gls Cosenza;TYPE2_C;6d2b2bdf-bbd7-431a-966b-3c855ee1b90f;13h 10m 24s;21XK11T2J03BF01379 - Juice Box 8;08/01/2026 06:11:26;07/01/2026 17:01:01;30,116
85073115;GS691VF2;GS691VF2;Gls Cosenza;TYPE2_C;e3d6dbd5-2847-45aa-9b36-c0476ca34bce;12h 56m 54s;21XK11T2J03BF00793 - Juice Box 1;08/01/2026 05:26:59;07/01/2026 16:30:05;23,772
83511001;GM099FB;GM099FB;Gls Cosenza;TYPE2_C;950639f1-6ded-40ee-b6fc-df165b869059;13h 40m 37s;21XK11T2J03BF01376 - Juice Box 3;08/01/2026 06:00:46;07/01/2026 16:20:09;40,052
83662927;GS824JN;GS824JN;Gls Cosenza;TYPE2_C;3507a8ff-6bfa-4248-a1aa-4fd6be53ad9e;14h 35m 0s;21XK11T2J03BF00797 - Juice Box 4;08/01/2026 06:25:11;07/01/2026 15:50:10;62,718
83604192;GR628XD;GR628XD;Gls Cosenza;TYPE2_C;9e4b44fc-b096-4356-9aa4-2802b03699e9;15h 34m 36s;21XK11T2J03BF01377 - Juice Box 6;08/01/2026 07:17:58;07/01/2026 15:43:21;48,218
83604191;GS820JN;GS820JN;-;CCS2;c344c8f1-2f42-4d3b-9f49-8e0647f2c8a3;0h 23m 8s;22BZ3424B - OP-17146561;07/01/2026 11:46:02;07/01/2026 11:22:53;24,68
85048281;GY024FX;GY024FX;Gls Cosenza;TYPE2_C;3894cdb1-99dd-42e3-8798-3fde9e744bcd;4h 2m 4s;21XK11T2J03BF00817 - Juice Box 9;07/01/2026 13:33:49;07/01/2026 09:31:44;44,068
85048280;GF923SW;GF923SW;Gls Cosenza;TYPE2_C;59345e3a-3f6e-4671-8d2f-5eb9c4f4422c;4h 55m 4s;20XP22T3KK4AL01214 - Juice Pole 2 Prese;07/01/2026 10:32:26;07/01/2026 05:37:22;13,472
83601684;GS874LZ;GS874LZ;Gls Cosenza;TYPE2_C;b3d2801c-8ab1-4c61-ba5f-a2fc385301ce;14h 56m 36s;23XK11M2J03BF00236 - Juice Box Dario;06/01/2026 10:09:08;05/01/2026 19:12:31;37,159
83604189;GM709PN;GM709PN;Gls Cosenza;TYPE2_C;5d038362-a494-4423-8637-b7c0092f6050;36h 47m 3s;20XP22T3KK4AL01214 - Juice Pole 2 Prese;07/01/2026 07:22:55;05/01/2026 18:35:52;46,09
83511001;GM099FB;GM099FB;Gls Cosenza;TYPE2_C;23aaf8f0-ee61-4ec4-850e-1abeac4df2a7;37h 49m 34s;21XK11T2J03BF01379 - Juice Box 8;07/01/2026 06:07:44;05/01/2026 16:18:09;31,464
83604192;GR628XD;GR628XD;Gls Cosenza;TYPE2_C;50d214ca-7bcd-430b-a847-f0bc5733d3a9;39h 32m 2s;21XK11T2J03BF00819 - Juice Box 7;07/01/2026 07:30:11;05/01/2026 15:58:09;46,97
83604191;GS820JN;GS820JN;Gls Cosenza;TYPE2_C;5c3023bb-4c05-4c4d-b00b-c65443edb239;39h 40m 37s;21XK11T2J03BF01380 - Juice Box 5;07/01/2026 06:46:47;05/01/2026 15:06:10;32,112
83601537;GM098FB;GM098FB;Gls Cosenza;TYPE2_C;fdb5e69e-43ab-45ef-8781-620a54281c08;39h 39m 44s;21XK11T2J03BF00797 - Juice Box 4;07/01/2026 05:37:55;05/01/2026 13:58:10;46,984
85073115;GS691VF2;GS691VF2;Gls Cosenza;TYPE2_C;9003da8a-dd86-4765-b3d8-41d3531b0c64;47h 57m 22s;21XK11T2J03BF00793 - Juice Box 1;07/01/2026 05:38:15;05/01/2026 05:40:53;0
85048280;GF923SW;GF923SW;Gls Cosenza;TYPE2_C;5cdecd27-0f4e-41e0-9485-da2bf43442d8;5h 40m 48s;20XP22T3KK4AL01214 - Juice Pole 2 Prese;05/01/2026 11:19:12;05/01/2026 05:38:23;19,216
83601684;GS874LZ;GS874LZ;Gls Cosenza;TYPE2_C;0d46a708-141a-4f6b-96b0-627641bc4bef;13h 37m 20s;23XK11M2J03BF00236 - Juice Box Dario;04/01/2026 12:56:35;03/01/2026 23:19:14;37,296
85048280;GF923SW;GF923SW;Gls Cosenza;TYPE2_C;4b86e19f-1512-4627-8c63-a3087fafe836;2h 49m 37s;20XP22T3KK4AL01214 - Juice Pole 2 Prese;03/01/2026 10:43:19;03/01/2026 07:53:41;12,682
85073096;HA748ME;HA748ME;Gls Cosenza;TYPE2_C;793ae486-b6b7-4b50-8d10-cef4ffb0a21e;0h 0m 7s;21XK11T2J03BF00793 - Juice Box 1;02/01/2026 18:32:58;02/01/2026 18:32:51;0
83511001;GM099FB;GM099FB;Gls Cosenza;TYPE2_C;26e02e73-78c8-4b14-a728-1ec7db988dd4;64h 23m 21s;20XP22T3KK4AL01214 - Juice Pole 2 Prese;05/01/2026 08:27:22;02/01/2026 16:04:00;47,858
83601661;GR637XD;GR637XD;Gls Cosenza;TYPE2_C;a111ae92-66be-4740-90e3-0a7c463f6c18;62h 42m 49s;21XK11T2J03BF01379 - Juice Box 8;05/01/2026 06:24:28;02/01/2026 15:41:39;29,558
85073096;HA748ME;HA748ME;Gls Cosenza;TYPE2_C;827ea292-31b1-48cb-b68d-35bdfa5d5a97;0h 0m 4s;21XK11T2J03BF00793 - Juice Box 1;02/01/2026 15:32:43;02/01/2026 15:32:39;0,016
85073096;HA748ME;HA748ME;Gls Cosenza;TYPE2_C;559435f4-a36d-49d4-91e5-7209d26d14e6;0h 1m 13s;21XK11T2J03BF00793 - Juice Box 1;02/01/2026 15:32:46;02/01/2026 15:31:33;0
83601659;GS690EP;GS690EP;Gls Cosenza;TYPE2_C;0b77ba69-f34c-4e8a-988d-f0a8082b2594;3h 29m 54s;21XK11T2J03BF00817 - Juice Box 9;02/01/2026 18:53:21;02/01/2026 15:23:26;24,514
83510720;GM100FB;GM100FB;Gls Cosenza;TYPE2_C;1d769ebf-7698-4e0c-ae5d-105bd974f7fa;0h 0m 0s;21XK11T2J03BF01376 - Juice Box 3;02/01/2026 15:19:34;02/01/2026 15:19:34;44,056
83604193;GS610JM;GS610JM;Gls Cosenza;TYPE2_C;7191f307-afa0-40b1-b4cb-6025690f28fd;3h 10m 12s;21XK11T2J03BF01381 - Juice Box 10;02/01/2026 18:21:54;02/01/2026 15:11:41;34,314
85073115;GS691VF2;GS691VF2;Gls Cosenza;TYPE2_C;2a2527e1-1334-4456-a927-5a79dc14dd7e;62h 57m 40s;21XK11T2J03BF00818 - Juice Box 2;05/01/2026 05:41:05;02/01/2026 14:43:24;24,824
85073115;GS691VF2;GS691VF2;Gls Cosenza;TYPE2_C;fb8c38bc-859e-45aa-8aa9-cef17f847d11;0h 0m 0s;21XK11T2J03BF00793 - Juice Box 1;02/01/2026 14:43:13;02/01/2026 14:43:13;0
85073115;GS691VF2;GS691VF2;Gls Cosenza;TYPE2_C;5c4c8196-b36b-498b-93bc-e9ee83fdc155;0h 0m 26s;21XK11T2J03BF00793 - Juice Box 1;02/01/2026 14:42:52;02/01/2026 14:42:37;0
83604191;GS820JN;GS820JN;Gls Cosenza;TYPE2_C;08cf8f7b-bee4-46ea-804d-77f8532f0177;64h 2m 58s;21XK11T2J03BF00819 - Juice Box 7;05/01/2026 06:45:27;02/01/2026 14:42:29;29
85073115;GS691VF2;GS691VF2;Gls Cosenza;TYPE2_C;c5815305-57fe-4d5d-bb27-a24f6830b296;0h 1m 35s;21XK11T2J03BF00793 - Juice Box 1;02/01/2026 14:42:34;02/01/2026 14:40:59;0
83662927;GS824JN;GS824JN;Gls Cosenza;TYPE2_C;59886b78-6540-4c86-bbda-dc778b3b1f44;0h 0m 0s;21XK11T2J03BF01377 - Juice Box 6;02/01/2026 14:05:05;02/01/2026 14:05:05;52,726
83604192;GR628XD;GR628XD;Gls Cosenza;TYPE2_C;8c1dee5c-a0eb-4482-b966-e1442b6acfca;66h 14m 18s;21XK11T2J03BF00797 - Juice Box 4;05/01/2026 07:02:55;02/01/2026 12:48:36;28,092
85048280;GF923SW;GF923SW;Gls Cosenza;TYPE2_C;f9ce03b4-229a-4540-a4ec-1f368f1968b4;3h 17m 24s;21XK11T2J03BF00793 - Juice Box 1;02/01/2026 08:55:17;02/01/2026 05:37:53;16,409
